text,label,username_encoded
Just wait till the ballistic missiles start coming,r/northkoreanews,Z0FBQUFBQm0yeGJlUXZlMjNSQ01IcWxzMl90YUJEa0FEek5tZ0pZd3dENlFxM3ZDdktnTVZLR3c4VFJudG40dEhVbUdJa2xYb3c4XzFtWVBTbUV3djlKUC0zOTlUSUFwZnc9PQ==
"They already have such little to eat, this is just wanton cruelty.",r/northkoreanews,Z0FBQUFBQm0yeGJlQkkteUFUSEZHWXJOc283VzRFU0dyZGVOT1hHMWJ5T3JqRVI4WG1vM3A4QlI0amJGV21VN0RvdVVFdlhmRFhGVWpZLUxwMjB5SDIxU002LXpUaW1VVmc9PQ==
One of the worldâ€™s largest militaries and theyâ€™re attacking the enemy with poop balloons,r/northkoreanews,Z0FBQUFBQm0yeGJlUlBPdzktUXRUT1Q2ejVRMkxINE1YOEZVeTc2emJzejllejZZcWE4YVd4UG9VTEdDbHVHSXdmZ21ZVF9GMERvRVJjQmRDNjZ5YXVtM0psb0Fzenl5Ym9vN0JSVHN0Q1NaOHA4YWt3cTBjSEk9
Anyone unlucky enough to be on latrine duty that day.,r/northkoreanews,Z0FBQUFBQm0yeGJlNWxQZVV1OEVfODlxNWZtTnJVQklHam1adWE4dXhWemlKQTV6WVFLaDR2Si1MMjRGMXBVemxMQzJEN1g2RzVJbVFBd1ZXUHFSR3l2U1pIS29zVW02Z0E9PQ==
Balloons are more effective than their rockets,r/northkoreanews,Z0FBQUFBQm0yeGJlQ1ppUHB6Tno5NHVNVHdpbVd1UmdlZUJTOGtJSVZSNmx6RVAyeEpYZlJkV2g1a0R6S3MwNXpVZXdnOG1UeTNmMU9RZ0lpMVJuVk9YeUdzR3didG5qSVI5RHhIamhTSWFHYzBKMmZROTJXMWc9
"I've theorized what it would like if the South attacked directly, but Koreans are no longer interested in unification and their government has openly said it would put a massive strain on the economy. If their birth rates fall much more, adding another 30% more to the laborer population might sound like a good idea.",r/northkoreanews,Z0FBQUFBQm0yeGJlUDNJS3BfUGxwNDRiTDV5MWpsR1J0ZEFBOTQ0bmxqOHM1Si1RRno3ZU44ZjVQcFE2ZG1LeklkcUFIbHZmRnZzR0poUjlGQnBzWXUyQ0dVVHVuMHJVdUNxT2IwT3FUcEFZdDFPTjFmZ1R6Z2s9
"
**PLEASE READ BEFORE COMMENTING:**

* Keep it civil. Limit any attacks to ideas, not people. You must always be respectful towards others in this subreddit.

* Jokes, memes, novelty accounts, GIFs, pop culture references, off-topic comments, and trolling are not permitted.

* Please include reliable sources in discussions, especially when discussing topics general audiences may be unfamiliar with.

* Do not accuse each other of being shills/propagandists. If necessary, such concerns can be relayed to the mod team via modmail or the report function.

* No racism or genocide denial.

Thank you all for respecting the guidelines and keeping this subreddit a high-quality forum for serious, mature discussion.


*I am a bot, and this action was performed automatically. Please [contact the moderators of this subreddit](/message/compose/?to=/r/NorthKoreaNews) if you have any questions or concerns.*",r/northkoreanews,Z0FBQUFBQm0yeGJlQ0htZTlfTTJkT2o5alIzTVpCempNQ2dsOUI5MVhmMHprQjkwZlpPbHJuOWNLckhFU2U2akVHZjRvS0VkOVpWTWJ0UDR0NzRfNkhPd2prdUZPTV9HS2c9PQ==
Anyone lucky enough to have food to eat.,r/northkoreanews,Z0FBQUFBQm0yeGJlX3pjdTNONlYtZll6RWRoaEkzTnd0RVVjZW56QWtXcGlCLXR4eTQyRkwyWUpCcElnVE1xdllubWV1RklBYU5jY0d6bTJPUjJlMmpJLWM4LW9Dc0RVMFE9PQ==
How did they get enough food to be able to have a sizeable poop? Is it from an animal?,r/northkoreanews,Z0FBQUFBQm0yeGJlaXVTOGFCcVRFQkc2SkpNMU14alJ1VUZ5SWJ5bkFJT3otTDNUTGhBZXhkdTlTNzR3YkxwQUhaenhWZ0Z2S0IzWGdIeXNBcEVCLUtQQm5hSU9DdzdlU0ZSQUdkN3U5SVowOTBoT1lzeEpEdjg9
I mean..I kinda like that troll,r/northkoreanews,Z0FBQUFBQm0yeGJlay1WVGNGMm54eXVRb2RPSUtLWUFUZ3JiRjFNYncwenNNNFJ1anAxNEJRdlEwd1Z4U29zMl83YXl2WklEbm4xWFBuSTRHWDBKMC01UWl5S19tb1A4dnc9PQ==
That is kinds of chemical weapon.,r/northkoreanews,Z0FBQUFBQm0yeGJlbkRyTmRfZUhmT1I3M3RHT1lMLU1CRW1HZGY4NHc5UE5kWmUwZ1EtTk84MGwtbGptQ0xLeERTRG5KYWh1Z1ZVbTRKcmRZVUJEV2Q0WkFkNjNmSUV0UWc9PQ==
North Korean Probiotics for everybody!,r/northkoreanews,Z0FBQUFBQm0yeGJlbk9vd01CdVhuV05kYzZ5dE9MZkFUbnpObnVIeW9iTGFURWhxQUx5bEdMRU1GVFJBY1gyOUV6elRxYUR6NWtFT2s4c2FEQzA0Z3F0RFg4NkNvT1lhTkE9PQ==
"At the end of the day, we're still just primates flinging poo at each other.",r/northkoreanews,Z0FBQUFBQm0yeGJld2FJTzNPZEhhTzlXVFBLWWE2Y0tDRThHX3FEWkU0RldlY21kUGQ3aGlVSjBIREc1Y29PUE14eUNJY0gxaU1kQUZtOExjUWlmQW1iLWdMZHNsRjRUV3c9PQ==
It could be a form of  crude biological warfare  by sending over human excrement with viruses into the South. It could be biological warfare,r/northkoreanews,Z0FBQUFBQm0yeGJlblJLNmpHZXl0Q2ZhRkdJdDFHZkx5MDlRN0MzQlR2eTk2cnB0VU5NR3VnbF9LWm93R09wOThoU2RaODNaOVNjR216dWctbnl6a3ZYS0lCWU4zTHgtQ2NULXFoRVYxQ2RzTFlOUkwtb1ZidWs9
Nice if true. This will do far more damage than the dozen south korean balloons filled with shitty kpop,r/northkoreanews,Z0FBQUFBQm0yeGJlRTNnSzdDS3JGT2N2R0ViTGFoU0xKbGJYd3lIdW4wWEJodjAzU2JsTDZuNjZJSHZaS2V6YWV0NFJmMWJfRnQ1aGFPUk5OS1VoYnMxd0xSM1h0Nmk1aktVcWVZSGI5cEUteVJWZGp1bUR4X1E9
So I guess they're running low on ammo.,r/northkoreanews,Z0FBQUFBQm0yeGJlXzlXWGJYVTV4VWlIYmg3eWVvTU9qZ1ZmYkhWLS1tOFg2eG1BbWRaQVpNSXlTRUVhclRGTVZpUHVmcWlKN2M2dzRqSEpGZERUN3dkb2RXa1JsOEoxS1lhcm4zN0JwWnlUSEdqbWNKSTZxTHc9
Honestly I think itâ€™s preferable to a full nuclear war.,r/northkoreanews,Z0FBQUFBQm0yeGJmY2VhS3VYd2t0M2l2UzdJWV9YNzg0QlJNbEVtR1d1dHotUTc1R29ZWWdiLUhjZlNEMXpxTEowOXlDcjR2b2tyckxlYUUzQ2s0RU1qZG90VlFwbHJIVUFaUXBwWGhsVjJWa2ExR2ZZbkxCY0E9
Their greatest export,r/northkoreanews,Z0FBQUFBQm0yeGJmWTl6NmtCMXFXTklBMnZSR011TjBsb3FwbDEwRjRzWnBNLURGYTNhdDdoc3dldGxfdnlheHpqYWZSS3NaaDBXZ2FZN3FZaFF6UFRKVXBCb0kzcEF3OHc9PQ==
"Anyone wonder what viruses and/or bacteria were planted in them? There's been some horrible chemical and biological weapons research on the peninsula in the past, I'm sure they're still at it.

Still not as bad as the Japanese coming up with porcelain 'bombs' filled with plague fleas, but we're getting there.",r/northkoreanews,Z0FBQUFBQm0yeGJmdElaOENtOFBlcjJSelFqUzhEWWdyb3lDTEl2QVZidVJ5M2ZtUmZuYXlLUG9zTU9WbzdGSXhVWFRnRVNHWkN6dmcyRXNNaGt0bklpRHBEZzZPWkFsRlE9PQ==
U guys really buy everything,r/northkoreanews,Z0FBQUFBQm0yeGJsREduelBucC1teU1iRUEtdkc5WEgtUkNEd1dYNlNRSk5zWXZvSzkxZW9Od21NOEotOXpaMzhXQm5acEpwYmZDOUpoWElpcDQxYWNlcHkyOHJESlV6RVE9PQ==
"
**PLEASE READ BEFORE COMMENTING:**

* Keep it civil. Limit any attacks to ideas, not people. You must always be respectful towards others in this subreddit.

* Jokes, memes, novelty accounts, GIFs, pop culture references, off-topic comments, and trolling are not permitted.

* Please include reliable sources in discussions, especially when discussing topics general audiences may be unfamiliar with.

* Do not accuse each other of being shills/propagandists. If necessary, such concerns can be relayed to the mod team via modmail or the report function.

* No racism or genocide denial.

Thank you all for respecting the guidelines and keeping this subreddit a high-quality forum for serious, mature discussion.


*I am a bot, and this action was performed automatically. Please [contact the moderators of this subreddit](/message/compose/?to=/r/NorthKoreaNews) if you have any questions or concerns.*",r/northkoreanews,Z0FBQUFBQm0yeGJsN1d3dUt5SFgxU0tBalkxQ2hCNVFmaVBNelZxeTR6WXBRRjl6ei1pd2RTSDhSSVFBQXZUN0ZLeVdhT2NZSVJoZEZPS3BTc2R0a3FBSnNtX08tSGQzS1E9PQ==
"
**PLEASE READ BEFORE COMMENTING:**

* Keep it civil. Limit any attacks to ideas, not people. You must always be respectful towards others in this subreddit.

* Jokes, memes, novelty accounts, GIFs, pop culture references, off-topic comments, and trolling are not permitted.

* Please include reliable sources in discussions, especially when discussing topics general audiences may be unfamiliar with.

* Do not accuse each other of being shills/propagandists. If necessary, such concerns can be relayed to the mod team via modmail or the report function.

* No racism or genocide denial.

Thank you all for respecting the guidelines and keeping this subreddit a high-quality forum for serious, mature discussion.


*I am a bot, and this action was performed automatically. Please [contact the moderators of this subreddit](/message/compose/?to=/r/NorthKoreaNews) if you have any questions or concerns.*",r/northkoreanews,Z0FBQUFBQm0yeGJsRzNjUWptUmJvc3c5amZyTVdFaXdndFNjdVU5MVFLNGhhOUVQSDlZNUxNVTdJTDRBbjZkdHJ4eG9fdmdWaUZRWks3eDR1WWhVc2FjWUtVam5tXzNxMWc9PQ==
"
**PLEASE READ BEFORE COMMENTING:**

* Keep it civil. Limit any attacks to ideas, not people. You must always be respectful towards others in this subreddit.

* Jokes, memes, novelty accounts, GIFs, pop culture references, off-topic comments, and trolling are not permitted.

* Please include reliable sources in discussions, especially when discussing topics general audiences may be unfamiliar with.

* Do not accuse each other of being shills/propagandists. If necessary, such concerns can be relayed to the mod team via modmail or the report function.

* No racism or genocide denial.

Thank you all for respecting the guidelines and keeping this subreddit a high-quality forum for serious, mature discussion.


*I am a bot, and this action was performed automatically. Please [contact the moderators of this subreddit](/message/compose/?to=/r/NorthKoreaNews) if you have any questions or concerns.*",r/northkoreanews,Z0FBQUFBQm0yeGJsMVJnYXlWOGc2Q0syeGZPQ19jQnpIMXpTYXl1U3ZaTExJS0t1MDliZmRSNU40Ui1Ia0VraXo1cVl2Q0tycWlUTEZwSnozMHQ1WkVCYkw3bUZYNGd3Umc9PQ==
They know because they were all unexploded,r/northkoreanews,Z0FBQUFBQm0yeGJsRkt2UDNsTmVSZGRMS0FhVjBIcFhDVTN1aXpnMzRENTlrTXJGMFRxcXFlVVo4ZXFiQ1BnT09XNmM0T2czSnV3TjhFakZza0VsX1FzbFVNYUhBTnZ4VEJlT1RjSXJOd3dYdmlGS1RuZHNnclE9
"
**PLEASE READ BEFORE COMMENTING:**

* Keep it civil. Limit any attacks to ideas, not people. You must always be respectful towards others in this subreddit.

* Jokes, memes, novelty accounts, GIFs, pop culture references, off-topic comments, and trolling are not permitted.

* Please include reliable sources in discussions, especially when discussing topics general audiences may be unfamiliar with.

* Do not accuse each other of being shills/propagandists. If necessary, such concerns can be relayed to the mod team via modmail or the report function.

* No racism or genocide denial.

Thank you all for respecting the guidelines and keeping this subreddit a high-quality forum for serious, mature discussion.


*I am a bot, and this action was performed automatically. Please [contact the moderators of this subreddit](/message/compose/?to=/r/NorthKoreaNews) if you have any questions or concerns.*",r/northkoreanews,Z0FBQUFBQm0yeGJtUkk5STJOV1h5enhGSUlZRzVMemtHOE13TEh1U2V1cUx5NURwOV8wTVdCSWM5LU9Ub1JXZ1NnNUNsWTdyMzdEUjIwRXZRLU9oQXozU0lKUVpOTF9aSnc9PQ==
"If NK & SK ever go at it, the SK Tiger troops will obliterate the NK ""military"".",r/northkoreanews,Z0FBQUFBQm0yeGJtMlNSWTZiSnBhN1hjbkt3MjNwT3lQSkhPZUl3TE9DU1BINkhzNFEyVzU3cGJ5YkNnVVdqei03dFB6b1VfTUpwdjRZMzNCWnZtZDc4d3h5TE1ZaXF3UVE9PQ==
"Correction, made it better",r/northkoreanews,Z0FBQUFBQm0yeGJuTlJpWXFNOGZrb2lDRnhYSG9sVUlpQW1VN0pSQ05rS0VrY1YwN1gySjFDTmE3N2ZOMnpKejBHX0hWQmlnbDk3N25nOFAzYXpDV29iZk1hV2UyZ2Z2MVNrUFFNYXc4WUdNWlA4NTJCeXFtSEU9
"By John Feng:

A North Korean vessel overloaded with soldiers capsized last month in waters in the country's southern border area, killing an estimated 90 people, according to a South Korean broadcaster.

Seoul-based TV Chosun, citing a South Korean intelligence assessment, said on Monday that the accident in early May led to ""considerable internal turmoil"" among the rank and file of the North's military.

Read more: [https://www.newsweek.com/north-korea-ship-sinks-killing-90-soldiers-south-intelligence-1907828](https://www.newsweek.com/north-korea-ship-sinks-killing-90-soldiers-south-intelligence-1907828)",r/northkoreanews,Z0FBQUFBQm0yeGJwWVpUVWRTdjJaQlVSQWFaSm9vWk0yeGJyWTNuQ2N1NGt5U0o0NFVKNjBYLU1QNEE4aUhtR2w1RnA1VW9CcjgzZk91NDMxWWR5UDh4RVZQeXlaeHlrMnc9PQ==
"
**PLEASE READ BEFORE COMMENTING:**

* Keep it civil. Limit any attacks to ideas, not people. You must always be respectful towards others in this subreddit.

* Jokes, memes, novelty accounts, GIFs, pop culture references, off-topic comments, and trolling are not permitted.

* Please include reliable sources in discussions, especially when discussing topics general audiences may be unfamiliar with.

* Do not accuse each other of being shills/propagandists. If necessary, such concerns can be relayed to the mod team via modmail or the report function.

* No racism or genocide denial.

Thank you all for respecting the guidelines and keeping this subreddit a high-quality forum for serious, mature discussion.


*I am a bot, and this action was performed automatically. Please [contact the moderators of this subreddit](/message/compose/?to=/r/NorthKoreaNews) if you have any questions or concerns.*",r/northkoreanews,Z0FBQUFBQm0yeGJ2WkNCQjJNWW42TkR6RHZ4ZVVlelU3ZWVsamVYOFIydncwTHA1V0RLQmlpaVNOUFpFNmQ2cGFOUmFHZmJxZUo2Ry1qTzhUUFEwbTRUM1RwTFlJZ3Ytenc9PQ==
Nice,r/northkoreanews,Z0FBQUFBQm0yeGJ3Y3E3WDkwUHF5VGZ1dVZzbFAtUGozYWlvQzgwSkhpS0pRRXJNQVdKMHRmb243WGVKX2syTzJtbE96OGxVa1RERndNNmR2WWRSc3pFcGQyYklRMjJtMUE9PQ==
Oooo,r/northkoreanews,Z0FBQUFBQm0yeGJ3akpjV294MEo3S3pSM1RQdlh4bUs1bE9FR3BJMWhyNHVFY2dlcEw5ZW1pTkVKNm9uT2JSTDA0MmVoWGRwUXdpckh1cUt4d1NWcU11UDV3TkVnZHhNdHc9PQ==
Good,r/northkoreanews,Z0FBQUFBQm0yeGJ3VkQ2NVJnOGJ1NTBxeC1ZdEg2QW0ybm83ZEdfd3NKaXZfWVRYVWhUdy00bTM0WGoyMWxOMm84RWtZX1RnSmdHajQtMWVncllSaTctZWFhcEoyamsxQUE9PQ==
Picking up some cheeky artillery shells in the duty free shop on the way back,r/northkoreanews,Z0FBQUFBQm0yeGJ3cEtBcVdaWm1NRHZoYTljQ2lnYjdjUjhhUG55dkZJLWxiNXdnZkt1Snh0TlVzRm9nLW12SGptdEk3dTB3X3JGbDdYeUlud1lHSENOOHlsczZfdmJjdlE9PQ==
"
**PLEASE READ BEFORE COMMENTING:**

* Keep it civil. Limit any attacks to ideas, not people. You must always be respectful towards others in this subreddit.

* Jokes, memes, novelty accounts, GIFs, pop culture references, off-topic comments, and trolling are not permitted.

* Please include reliable sources in discussions, especially when discussing topics general audiences may be unfamiliar with.

* Do not accuse each other of being shills/propagandists. If necessary, such concerns can be relayed to the mod team via modmail or the report function.

* No racism or genocide denial.

Thank you all for respecting the guidelines and keeping this subreddit a high-quality forum for serious, mature discussion.


*I am a bot, and this action was performed automatically. Please [contact the moderators of this subreddit](/message/compose/?to=/r/NorthKoreaNews) if you have any questions or concerns.*",r/northkoreanews,Z0FBQUFBQm0yeGJ3b0dmWW03anZkRU1rc2NLV0JLOUpidGNmbzJqcVppU1JpRFd4RUs5VGd6SGszQWFYUl9GMldCQUItalFsUzRjOEpyR1B3QkJPeTNwcWFBMFhMekNwTlE9PQ==
"Isn't one of their patriotic songs about their lives being literal ""Bullets and Bombs"" for their leader.   It's so messed up this madness has continued this long.  I really don't think anyone wants to see this becoming a reality.",r/northkoreanews,Z0FBQUFBQm0yeGJ3cHU3Rzd0a3EybF9tdUhlbDRyX0djSTdOMTJ6dE80MWttcXVSb0RvZE5XWXJtaTZzaVBvRTNiLUZBLU1rcnZTQ3dhUlNVT25lRlFSNlM4T2pFcFhFZVE9PQ==
"
**PLEASE READ BEFORE COMMENTING:**

* Keep it civil. Limit any attacks to ideas, not people. You must always be respectful towards others in this subreddit.

* Jokes, memes, novelty accounts, GIFs, pop culture references, off-topic comments, and trolling are not permitted.

* Please include reliable sources in discussions, especially when discussing topics general audiences may be unfamiliar with.

* Do not accuse each other of being shills/propagandists. If necessary, such concerns can be relayed to the mod team via modmail or the report function.

* No racism or genocide denial.

Thank you all for respecting the guidelines and keeping this subreddit a high-quality forum for serious, mature discussion.


*I am a bot, and this action was performed automatically. Please [contact the moderators of this subreddit](/message/compose/?to=/r/NorthKoreaNews) if you have any questions or concerns.*",r/northkoreanews,Z0FBQUFBQm0yeGJ5RDVGX2h6RC11T05CbkpiUnpWdUZXYjdiTFR5bFFzNUtCcWNTR1ZrSkNEMTFoUkE5ZWVaR1lfME1weEhpcHVGR2c0R29ZdUtEelItX2Z5QjQ5bmVXRlE9PQ==
"
**PLEASE READ BEFORE COMMENTING:**

* Keep it civil. Limit any attacks to ideas, not people. You must always be respectful towards others in this subreddit.

* Jokes, memes, novelty accounts, GIFs, pop culture references, off-topic comments, and trolling are not permitted.

* Please include reliable sources in discussions, especially when discussing topics general audiences may be unfamiliar with.

* Do not accuse each other of being shills/propagandists. If necessary, such concerns can be relayed to the mod team via modmail or the report function.

* No racism or genocide denial.

Thank you all for respecting the guidelines and keeping this subreddit a high-quality forum for serious, mature discussion.


*I am a bot, and this action was performed automatically. Please [contact the moderators of this subreddit](/message/compose/?to=/r/NorthKoreaNews) if you have any questions or concerns.*",r/northkoreanews,Z0FBQUFBQm0yeGJ5cnlCZkRfaUVmN282MmVYak9VekpLNlhfXzFEcG1LVEJZZXJJMUJNTXhRcklxT0cyb0w3LXhmY1FsazlrOE1rNmp5WFdYNndSTkZqMHhOZmllV0NZcnc9PQ==
"
**PLEASE READ BEFORE COMMENTING:**

* Keep it civil. Limit any attacks to ideas, not people. You must always be respectful towards others in this subreddit.

* Jokes, memes, novelty accounts, GIFs, pop culture references, off-topic comments, and trolling are not permitted.

* Please include reliable sources in discussions, especially when discussing topics general audiences may be unfamiliar with.

* Do not accuse each other of being shills/propagandists. If necessary, such concerns can be relayed to the mod team via modmail or the report function.

* No racism or genocide denial.

Thank you all for respecting the guidelines and keeping this subreddit a high-quality forum for serious, mature discussion.


*I am a bot, and this action was performed automatically. Please [contact the moderators of this subreddit](/message/compose/?to=/r/NorthKoreaNews) if you have any questions or concerns.*",r/northkoreanews,Z0FBQUFBQm0yeGNDdTdaN2tmQVVERVpkOVFZR0hiTWJhTUVSNHBaUWJFVWpuSnRONE1rR3FTbWZnSVBscnU0MS00T19KQ0hlZzBzS2s4UDd6eWk3TnlvZEptaVhwdDAyVXc9PQ==
why at this time tho.,r/northkoreanews,Z0FBQUFBQm0yeGNDLWMxM055S1RhUTBVZGYzYkVVNEdfWVNISThuS3hkUTlVMlRCQTZXdmM0SmtrRUgwVlVHS1lIZkFRcVFjbThzbHI1VjRKNjNUVzZaUkVMbTM0cmQ5Q2VXbzVkSHhmTXdKNzNJaHFrZ25SaW89
Cause he doesnâ€™t really care about NK he just has to pretend enough and KJU is too stupid to realize it,r/northkoreanews,Z0FBQUFBQm0yeGNDcGxpNXR2MjJ5V3ZQR3BzMENuYjNsaUtiQXgySzVxVnN5T0s3aWh5NDk2NkpqWkRnMHFhZEU4R1l5bmxZQmlHbG0xVHhLNHc4c1V3OHB6QjBDaUFZZnc9PQ==
He wants to treat them like China treats him.,r/northkoreanews,Z0FBQUFBQm0yeGNDNW5FZ0I1cm1zc3ZxRTBLUFJGRmpCam81NFFVcEdnVGRPU3htT0xmN2hhU3RwOHRjdG5yZnBoNFdmM1IxUF9GcE9lSVFkSjR0U1o2Yy05anp1NTRrSHc9PQ==
I'm sorry but Russia is such a f\\*\\*king joke. Imagine being such a clown that you think ppl will take seriously a new world order based on basket case countries like Russia and NK.,r/northkoreanews,Z0FBQUFBQm0yeGNDcDlCaDB3WVE2Wm45NVBnb1FwcVFIaGRPa1FMVU9BSEJXMWJlM2tSLVVzNVFuS0JMMjVqX25pekNQVGw5RklKbEdhb1I4bW9uUURYN3duTDhQSkNmZUE9PQ==
"Would North Koreans have any idea about Russia, Putin and their recent atrocities?",r/northkoreanews,Z0FBQUFBQm0yeGNDX1E0aTBOZ1BlTXB1VFlqcWpsZHZvTTdWQzZoQzJlTy1fREdWbXNBa25ULVM0VFJpYlF4U1JpNTN1RFVXWU5CTlJHMzVfUWxXQXNZbzdWZmY2N010V3c9PQ==
"Very cool, further deepening relations between the two countries",r/northkoreanews,Z0FBQUFBQm0yeGNDSkdwZUl1MnNkRHFfNFo1OGtaNGw1elhjT281eURPWTBsTmlua1R3U1RnRUFnT1NpcVNlQ2VkdkVVTzhzSk4tQURVbUhBd2txWndrRTBvQ3VWTkg3aWdQMUdSOXZCcmlBSmhpRWJsWkJsTkk9
"Any â€” yes, the right idea â€” def no.",r/northkoreanews,Z0FBQUFBQm0yeGNDTmFtN01VbWZWcXJrQVp3S1pVd0dlWVB4ZE5YdnVKYWdNWFNuZDIwOW82aTdNREowTF9YVHRkMktvNmtpbFJKZVh6cHp6TWhDRDlSb3BjUXdVaTJaV1E9PQ==
!remindme 10 years,r/northkoreanews,Z0FBQUFBQm0yeGNDSXZNb0ZweGhYZjFHX0d5VWVCN0pZdFNHMWZoMEFJeFVQQk1VbUFNc2RGTEU3amk2V3NBVVc1LWdzdzNjQ3VnZ3ZWaElTYW5hN1lWSkNPZEJtU0xneUE9PQ==
"I will be messaging you in 10 years on [**2034-06-19 13:59:40 UTC**](http://www.wolframalpha.com/input/?i=2034-06-19%2013:59:40%20UTC%20To%20Local%20Time) to remind you of [**this link**](https://www.reddit.com/r/NorthKoreaNews/comments/1dj1y27/putin_arrives_at_3am_late_for_state_visit_to/l9b54a3/?context=3)

[**3 OTHERS CLICKED THIS LINK**](https://www.reddit.com/message/compose/?to=RemindMeBot&subject=Reminder&message=%5Bhttps%3A%2F%2Fwww.reddit.com%2Fr%2FNorthKoreaNews%2Fcomments%2F1dj1y27%2Fputin_arrives_at_3am_late_for_state_visit_to%2Fl9b54a3%2F%5D%0A%0ARemindMe%21%202034-06-19%2013%3A59%3A40%20UTC) to send a PM to also be reminded and to reduce spam.

^(Parent commenter can ) [^(delete this message to hide from others.)](https://www.reddit.com/message/compose/?to=RemindMeBot&subject=Delete%20Comment&message=Delete%21%201dj1y27)

*****

|[^(Info)](https://www.reddit.com/r/RemindMeBot/comments/e1bko7/remindmebot_info_v21/)|[^(Custom)](https://www.reddit.com/message/compose/?to=RemindMeBot&subject=Reminder&message=%5BLink%20or%20message%20inside%20square%20brackets%5D%0A%0ARemindMe%21%20Time%20period%20here)|[^(Your Reminders)](https://www.reddit.com/message/compose/?to=RemindMeBot&subject=List%20Of%20Reminders&message=MyReminders%21)|[^(Feedback)](https://www.reddit.com/message/compose/?to=Watchful1&subject=RemindMeBot%20Feedback)|
|-|-|-|-|",r/northkoreanews,Z0FBQUFBQm0yeGNDWnRIcXlSVUVCeHJFd2JvUXA4VTBEWDlseXVPRFFEc3ZLRnVMei1EcXlsNm12R3pLWFRxd05sY05jbkZzcEppdWw0OTc2TG1kUVRkQ0xLQkNVWmtzbWc9PQ==
"Jokes, memes and low effort comments are not allowed",r/northkoreanews,Z0FBQUFBQm0yeGNDRURKYVZCZ19PZWVtdWxETTdqc0ctWEJyTk90LVhsc3JIQ0M2cXpCVnNhNFdYY3dKdEVYeWlGczEyY0cxMFkxTDM2WWNqTFlXNUtEYlpYT08tUnZScUdlb0tjS3o5STFnY2E5UGt5ZXdFT009
To be fair I think their deal is very practical here. Russia needs ammunition for itâ€˜s war and North Korea oil. So they are kinda a match made in heaven there.,r/northkoreanews,Z0FBQUFBQm0yeGNDbVV1ZFdNMndvX3RXX0hzVWNidVNBX2dCZXdVUi1RejlwTFJyN1ZyQnN4V1JQUXZfX0Y3Mmp2VGFwMVRjSzN5VXlvcWpNcU1Sa2J5X3FER3k0TThDbWc9PQ==
"At Thursdayâ€™s rally, Mun called on the assembled children to emulate the spirit of the Anti-Japanese Childrenâ€™s Corps, a pre-independence youth group that inspired the formation of the KCU, and young troops during the Korean War.

To live up to these standards, he called on the children to boost Pyongyangâ€™s ongoing efforts to advance its military capabilities by â€œactively supporting the Korean Peopleâ€™s Army and contributing to strengthening the nationâ€™s military power by preparing more â€˜Sonyonâ€™ [â€˜Kidâ€™] armed equipment,â€ referring to rocket launchers â€œdonatedâ€ by the youth group last year.

At the time, NK News identified the system as a 12-tube 300mm multiple rocket launcher vehicle, dubbed the KN-09 by the U.S. and capable of firing precision-guided rockets at targets up to 125 miles (200 km)",r/northkoreanews,Z0FBQUFBQm0yeGNDaGthZnlXS0ktbEg5OS1tcEVIdENkLXFtSHdzZHNCMVhPRVREYk0taHVJMlpITGl1OTlfT1oyYUpMaGZiM0hGYUE0V09DbWluU1lIeWdDNEJyQkVhSmc9PQ==
Glad to see tourism and the free flow of traffic beginning to pick up.,r/northkoreanews,Z0FBQUFBQm0yeGNDUDY3dFFuclNSVWQ2RjFrand6cllGNlQzYW8wS0swR1lPaG1ERFNobTNORk44bnhBaFRPWEpxT0xCWTBrdUFFTU85T0JmMDZuajAzVDNjaEJsdkFVd2c9PQ==
North Korea wants to play Russia and China against each other and get as much as possible.,r/northkoreanews,Z0FBQUFBQm0yeGNDLWotQm5oZlRhSVpzRzlLN2xfeWpVQi00SHF5U0pwb05jLUtyLUhsNVlQNXhWZjVHYVU3eW5WT0RhWGhkUVpsMkRmcURrckRGcHktTmpBc0dRdGswUXc9PQ==
"Yes, depending the bond between an imperialistic power like Russia, and the authoritarian hermit kingdom that is the DPRK. 

I'm glad to see you supporting two oppressive dictators growing closer. It speaks volumes about your character.",r/northkoreanews,Z0FBQUFBQm0yeGNDdVV0bFB1Tm9XOG9QaVdLQ2ExcHNkeU9UOUdvV2R1N0ZLaEJBcjIxeWVJdjBfcWVZSWdYU3V0dkRxZEdZQjFzLUZQOUtXcmJMSWNCckY0OS03TVFnTkVVdGNBMFBpS0MtekpZSDJuNXdTbFE9
"
**PLEASE READ BEFORE COMMENTING:**

* Keep it civil. Limit any attacks to ideas, not people. You must always be respectful towards others in this subreddit.

* Jokes, memes, novelty accounts, GIFs, pop culture references, off-topic comments, and trolling are not permitted.

* Please include reliable sources in discussions, especially when discussing topics general audiences may be unfamiliar with.

* Do not accuse each other of being shills/propagandists. If necessary, such concerns can be relayed to the mod team via modmail or the report function.

* No racism or genocide denial.

Thank you all for respecting the guidelines and keeping this subreddit a high-quality forum for serious, mature discussion.


*I am a bot, and this action was performed automatically. Please [contact the moderators of this subreddit](/message/compose/?to=/r/NorthKoreaNews) if you have any questions or concerns.*",r/northkoreanews,Z0FBQUFBQm0yeGNEQXpnOHd0c1VDSE5rME5zLThKUHNpdk5fYkJhRjJHN09ZemtoNV9ZMm9ycUszMldsRk5lbXdmODRRM0pJQ3lCSzAwaHdJaUNtcENmUkd1ZHdwYjdYN0E9PQ==
The US has  arrested thousands of people this year alone for protesting against the palestinian  genocide the US is  helping Israel carry out. Nothing even remotely close is happening in Cuba.,r/northkoreanews,Z0FBQUFBQm0yeGNEaXRkV2M0Nkhad3pJOTdMak5pNDJfaFp6OTI5ZkdaUFBSXzB2Ti1GM3ZZS09pNTBucFZTX1JmODkzX2ZJSmhZUkhxQ0JxSXFFbWNTY2lpOU1BNDRORGc9PQ==
Any source that isn't Radio Free Asia?,r/northkoreanews,Z0FBQUFBQm0yeGNES0oxMFg2MXpkNUctT1ZoQU9uVS0wV0xjNXVoMlJZbDJicko5c19aNU96XzAybC0zRVNXWU5XTk1uSm13VTY4QUNNUVZuMWRTa2h2SFFLQVpXbnE3Y0E9PQ==
More likely this jeans censorhip is just bullshit,r/northkoreanews,Z0FBQUFBQm0yeGNEWVFMUEcwZFVrM0c2UmEyLUY0cnZFTnpxUHItSUhwclhtMTVRQ2pJaDBVb0JqYW10S2dRWHlTbWRyVTVCZS00eDdabnJwVy1OMnhnTUluWl9KaTJwN3c9PQ==
">Nothing even remotely close is happening in Cuba.

If people go outside to protest in Cuba and it is anything that goes against the regime narrative, they will be arrested. The vast majority of people will just not even bother because they know what will happen. At any rate, you are [wrong on multiple levels.](https://www.bbc.com/news/world-latin-america-61793239)",r/northkoreanews,Z0FBQUFBQm0yeGNEMWN4aHhlNTNjTWRrUlFPVC1COFVqUF9EbVBReEM1YWJWUWxwWmtnYVk2dUQ3Yzc2Skd5YUNwZDVwazdjWW1HWHVVQmpSV1VybVlMZEFpbVp0bGpGTEE9PQ==
"And over 3000 thousand were arrested in the last 6 months in America for protesting a genocide 

Which country has the higher incarceration rate? Hint: It's the one that owns a concentration camp in Guantanamo",r/northkoreanews,Z0FBQUFBQm0yeGNEU2JfeTc4cUxYTnhoOGx0ZlU1UU1KckhFTnVDNHVVYVJOR0xxYkVMWHBjOGlueG5TVHE0X2Rja09YOXZtV05UTTU5SkJnMDZWM3hsajdWN1ZmdFdwQ3c9PQ==
"> And over 3000 thousand were arrested in the last 6 months in America for protesting a genocide

How many of them will go to prison for 25 years for protesting?",r/northkoreanews,Z0FBQUFBQm0yeGNEWjl4WHUtVU0zZ2dQRFhnc2dlY1lPRlhVVjlsa1hzeTNMWUl4b2k2Vm9mQ25nNjRvTVZoZV9feFRXRTNEdnNtemJuSlBPMHRZYmY5NGFINERCN0VOY2c9PQ==
"No idea. You  don't know how many cubans were  imprisoned for that long either, since the article lets that purposefully unclear. And notice that the sentence goes for much more serious crimes than just ""protesting"".",r/northkoreanews,Z0FBQUFBQm0yeGNERTFOS0JxZFlhQ2JsXzFpV2pwSF9fZTFpRnpmSmxvNFZWb2V3YVJZSGIxdTM0OWZnbzNBQXdEaVRsRzBvSXMwR2NFYjBoQjR4LXRHeTl1MnlCTlI1S3c9PQ==
"Nearly 500 were sentenced up to 25 years, [according to Barron's.](https://www.barrons.com/news/13-cubans-given-hefty-prison-terms-over-power-cut-protests-c4d2395d) Nobody would ever get nearly that much for protesting in the United States.",r/northkoreanews,Z0FBQUFBQm0yeGNEQk9LN2x6OFMzVXBDU21BU1hhRnpCd25faXJseUxxdzhLR2pwR0dpMEozakQ2LTFpWXBBY0lrSVdfZWN1UUtUeEZ3ZjdyanRYbWpaS0ZkV09vVE9qdXc9PQ==
Some people get shot for protesting in the US so there's that,r/northkoreanews,Z0FBQUFBQm0yeGNENU5iczlBZWlXOGhQNWo3VVBFWlN2UG53cnd4eFBwenkwVUEwdy1vYjhDUkpBdTYybjhHVnBtZVJuZlpjN2lCSTV6UEd2MGp2UFVDSmNtQmJkTVNzdUE9PQ==
"The article says 13. 500 people have been arrested, at least according to Barron', UP TO 25 years in jail 

You can't even interpret the text of the Dow Jones propaganda you want to use as evidence",r/northkoreanews,Z0FBQUFBQm0yeGNEc1g1b2k3Y25HUFZ1WHpkQy00aFB2RF9TNTJBSHlEQ3VsakdoWGR6TEJQZE5oQ1lkUDQzdVg1Y1VTWF9nOTBGam1fUUsyaDBJZ0ppemtueGI2RGRaNHc9PQ==
"That's a strawman fallacy you just used, but at any rate, do you think people don't get shot in Cuba for protesting?",r/northkoreanews,Z0FBQUFBQm0yeGNEV254Z0VoU2RCNGVuUnFMby1LelVCMFVGeVVWQ2hqZVNvbzk5VEpUMjIyR3NkUFhXMTBTN0QyblpXUHQ2eUx0LW1qWHIzMzk1WFh3TG9pWF8xVHA3c1E9PQ==
"Well they protested and that doesn't seem to have happened 

You lack basic text interpreation skills and doesn't know what a strawman is",r/northkoreanews,Z0FBQUFBQm0yeGNENlRQTlhvRGJRQm52OTI3ekpYWlo4S2NOUjdPbzEwMXFFaWZGdXBydzcyUkEwZGxVT1U4ZnJYS0JFMlNxaWs2MW8xYW9ObnBHUWU0a1poMlIxSndSRkE9PQ==
">You lack basic text interpreation skills and doesn't know what a strawman is

You're at the point where you are arguing about grammar now, huh? That's not even how you spell interpretation.

  
Look up ""Cuba protester shot"", by the way.",r/northkoreanews,Z0FBQUFBQm0yeGNEbmtUX2JTSmNWM2VPTmRrbVFRQ3phSjUyRWFIejJybEozZUZOTEdoZDVHM0FTTWZZU2VQaE1fdDZyNzRaeEl5X3hDaE9UbmRNb2t3d1YzZXBDNEpGY0E9PQ==
North Korea wants Russiaâ€™s money so they can feed their people again! The fact that China and Russia prop this regime up is a disgraceful display of human right violations.,r/northkoreanews,Z0FBQUFBQm0yeGNENkViLWhOWVF5a285WnZadHdkMktpbkRMR0p6T0p5cTdwTUNXWmRWcmEyS1pQRE81bk1HOFNBbXo0b2s5UFRGc1BXZnRDU1V5VG5YVzhtYWtiWElOWHc9PQ==
They don't care about feeding the people. They are going to be able to further their nuclear weapons program due to this relationship.,r/northkoreanews,Z0FBQUFBQm0yeGNEYjVlU3VFb2lLeDhVZzBscl95UlNSdE53bXp5N2lESEN1Y29DVWZjcnl2Xzh5NDdCU3VXR2NsN0trQXdlSHl2UEVWRkFKeEh0bmgyMW1xUVRPWlhKdmc9PQ==
"Yes of course, but I always thought neither China or Russia wants North Korea to have viable nukes.",r/northkoreanews,Z0FBQUFBQm0yeGNEVWVKSHRuczhISDVRWUlERGgtdURxZi0zTDdrN1ZmbzI2VTI1WFgyU2xfTU9qN1VUR19yWVYzb2YwUGxmeG43WnlPR2Y5eklVYkZ2aEs3VGJyTjhRakE9PQ==
"
**PLEASE READ BEFORE COMMENTING:**

* Keep it civil. Limit any attacks to ideas, not people. You must always be respectful towards others in this subreddit.

* Jokes, memes, novelty accounts, GIFs, pop culture references, off-topic comments, and trolling are not permitted.

* Please include reliable sources in discussions, especially when discussing topics general audiences may be unfamiliar with.

* Do not accuse each other of being shills/propagandists. If necessary, such concerns can be relayed to the mod team via modmail or the report function.

* No racism or genocide denial.

Thank you all for respecting the guidelines and keeping this subreddit a high-quality forum for serious, mature discussion.


*I am a bot, and this action was performed automatically. Please [contact the moderators of this subreddit](/message/compose/?to=/r/NorthKoreaNews) if you have any questions or concerns.*",r/northkoreanews,Z0FBQUFBQm0yeGNERE5reDVUTkpfUGpoUWludEttMXcxa1oxUHhvbDRxMm1CRVA3QkRzRE15QkhxZTMzeU1jLXZXaE5sVUozYUlkZUtCcy1kMnlwbkFBSFhXOUF3TTRWZ3c9PQ==
Are we still pretending NK can defeat SK/USA? Because they can't.,r/northkoreanews,Z0FBQUFBQm0yeGNELXhOdDBzXzFRN3VxbDhsNWE0b0ZCWWQtck8wU1FPRlB5bFJUUGo5SVV6Vk5NUUQ4VzlqNTJmaGk1azU0eHFETTZ1Qm5kbmxaMFZyQWhBTE9IRmloZlE9PQ==
"
**PLEASE READ BEFORE COMMENTING:**

* Keep it civil. Limit any attacks to ideas, not people. You must always be respectful towards others in this subreddit.

* Jokes, memes, novelty accounts, GIFs, pop culture references, off-topic comments, and trolling are not permitted.

* Please include reliable sources in discussions, especially when discussing topics general audiences may be unfamiliar with.

* Do not accuse each other of being shills/propagandists. If necessary, such concerns can be relayed to the mod team via modmail or the report function.

* No racism or genocide denial.

Thank you all for respecting the guidelines and keeping this subreddit a high-quality forum for serious, mature discussion.


*I am a bot, and this action was performed automatically. Please [contact the moderators of this subreddit](/message/compose/?to=/r/NorthKoreaNews) if you have any questions or concerns.*",r/northkoreanews,Z0FBQUFBQm0yeGNEWDZ1cGxkczl5bXRxekdQbGpfMFhZTDA1ZzBQLURzbXhYZkpIc1ZNRm1PakM3TWdzWUU4SVhxbE9EUnVsWnlPVjR0X2FseDZhcnY1NkN0QzVhVDlTeEE9PQ==
Impossible-er.,r/northkoreanews,Z0FBQUFBQm0yeGNEOFh5Ymt1RG9JTTRBOWpBdFF2a1l5SjRlZ2Y3SU5lQnc1Nl9oQnRydU1POFlranlfWHBHNlZMM1hxQVRpa1pqVU9RVzVmYTBZbDU1ZzE1cV8yNnlaLUE9PQ==
Wtf is this pro NK balogne???,r/northkoreanews,Z0FBQUFBQm0yeGNFWkY2VUxNd1Juek9pQ0RaZU1hUGdRV04tVFkyaXlpU2s3Zkczc0NXcE5Da1AzSmx1aE9NQ3ozM1JkTFdodUpLY05DVUthdEtzTzFDcW1MT1VoQ3ZQUlE9PQ==
"Interesting read. 

What I had not considered was the very real possibility that china would be willing to sacrifice North Korea for Taiwan. 

It is discussed in the article. China gives NK the green light to attack. They promise support. Perhaps they even give some. But they really donâ€™t want NK to win. They want the US to be distracted, exhausted, isolated, and tied down in SK. 

That allows China to focus on Taiwan while NK takes the brunt of the US retaliation. Other than a buffer against SK, NK is nothing but a giant liability. So why not burn them for something better?",r/northkoreanews,Z0FBQUFBQm0yeGNGWVRoYjV4a1NldVF6ZlUyTFJwNXNiMTQzOGNiUUNPcDUxcEQtdy11aDAtWl9SV3Q2LS1NUTNqTE9wVWVRLVU4RmlWT1owR2YwVFByV28ycUlid3VUYVE9PQ==
"
**PLEASE READ BEFORE COMMENTING:**

* Keep it civil. Limit any attacks to ideas, not people. You must always be respectful towards others in this subreddit.

* Jokes, memes, novelty accounts, GIFs, pop culture references, off-topic comments, and trolling are not permitted.

* Please include reliable sources in discussions, especially when discussing topics general audiences may be unfamiliar with.

* Do not accuse each other of being shills/propagandists. If necessary, such concerns can be relayed to the mod team via modmail or the report function.

* No racism or genocide denial.

Thank you all for respecting the guidelines and keeping this subreddit a high-quality forum for serious, mature discussion.


*I am a bot, and this action was performed automatically. Please [contact the moderators of this subreddit](/message/compose/?to=/r/NorthKoreaNews) if you have any questions or concerns.*",r/northkoreanews,Z0FBQUFBQm0yeGNOdm5sOEVERkppMFJGRlhtdGtiZVVUOEJGZzFvbkFTTV9xdmYxUUduSHlWWnFzSGhSLWJseGNtZ09IbEotNVRINmpfckwzS2NKaUdOQi1ZaG5lZk5WTFE9PQ==
"
**PLEASE READ BEFORE COMMENTING:**

* Keep it civil. Limit any attacks to ideas, not people. You must always be respectful towards others in this subreddit.

* Jokes, memes, novelty accounts, GIFs, pop culture references, off-topic comments, and trolling are not permitted.

* Please include reliable sources in discussions, especially when discussing topics general audiences may be unfamiliar with.

* Do not accuse each other of being shills/propagandists. If necessary, such concerns can be relayed to the mod team via modmail or the report function.

* No racism or genocide denial.

Thank you all for respecting the guidelines and keeping this subreddit a high-quality forum for serious, mature discussion.


*I am a bot, and this action was performed automatically. Please [contact the moderators of this subreddit](/message/compose/?to=/r/NorthKoreaNews) if you have any questions or concerns.*",r/northkoreanews,Z0FBQUFBQm0yeGNOOFBzNUZYWVJ1Z0hXX1pKZDJNZWhzUzgtalpjSlZkQjZXU0pQSjJnYmhzVkNSQjJOWFk2QnRPUFg4d09BQU82QUxvZ25HLWxhQ0VqTUl6TmdVSThRTmc9PQ==
I'm amazed they could afford this as apparently poverty is rife...,r/northkoreanews,Z0FBQUFBQm0yeGNOODMyNUs0bXRYcTE4ZnlIYWc3R2w2MTFjc0lrUlBGaFBFbjc1NGVHU00wUkpVVnZWeFFYMXl0R01BcWN2QUhkTFMtRFFMRGRqVnh2aE1xa0ljck9NZGc9PQ==
Wanted to go back man russians < dprk,r/northkoreanews,Z0FBQUFBQm0yeGNOdTZoX2JJM05MbFBFeTNOaE81NFNkbkYxdDhEcVlkMFJ4ai1zSl92dm9jOElRWXlxSFNmQ184RGRKelVKLWh0OXZJRWl5THBLVXQ4ZzY0VEN3UDR2LTVUemhkN3ZMRWN4VE5ESWxySUsxVDQ9
"
**PLEASE READ BEFORE COMMENTING:**

* Keep it civil. Limit any attacks to ideas, not people. You must always be respectful towards others in this subreddit.

* Jokes, memes, novelty accounts, GIFs, pop culture references, off-topic comments, and trolling are not permitted.

* Please include reliable sources in discussions, especially when discussing topics general audiences may be unfamiliar with.

* Do not accuse each other of being shills/propagandists. If necessary, such concerns can be relayed to the mod team via modmail or the report function.

* No racism or genocide denial.

Thank you all for respecting the guidelines and keeping this subreddit a high-quality forum for serious, mature discussion.


*I am a bot, and this action was performed automatically. Please [contact the moderators of this subreddit](/message/compose/?to=/r/NorthKoreaNews) if you have any questions or concerns.*",r/northkoreanews,Z0FBQUFBQm0yeGNPMVlheGNTZV9KWWpybXRNbG9DQXFzNGJmdEIwUzd5MEhNZkNFYk9QUUh4NS1xNFVkZ1RQZ1BjMU9KejkybDc2QkF6aDBNSVlvbE1ZOWN1T0ZzVG5xd1E9PQ==
"
**PLEASE READ BEFORE COMMENTING:**

* Keep it civil. Limit any attacks to ideas, not people. You must always be respectful towards others in this subreddit.

* Jokes, memes, novelty accounts, GIFs, pop culture references, off-topic comments, and trolling are not permitted.

* Please include reliable sources in discussions, especially when discussing topics general audiences may be unfamiliar with.

* Do not accuse each other of being shills/propagandists. If necessary, such concerns can be relayed to the mod team via modmail or the report function.

* No racism or genocide denial.

Thank you all for respecting the guidelines and keeping this subreddit a high-quality forum for serious, mature discussion.


*I am a bot, and this action was performed automatically. Please [contact the moderators of this subreddit](/message/compose/?to=/r/NorthKoreaNews) if you have any questions or concerns.*",r/northkoreanews,Z0FBQUFBQm0yeGNQOWtFZUdWZ1c5eEQwTVV5RHV3WGN0VGs2cWhxODJTVEs3S0w2UlE2YnRpempyWExPRUl0YVhnYlpBSE9rNUZlQWJ2YkxkZ0lQcWQwS0RXczBJNE1aZ3c9PQ==
And why would Zelensky allow such a stupid idea to begin with?,r/northkoreanews,Z0FBQUFBQm0yeGNQUVNGQ3BORWQtX1lQaEFqanhCM1pNQTl1X3ZRd3ZMdjVfc0RYNktuRkxUYjZmS2FyalhFeU92MEVZaFlzY1RfRmt6REJ4eXdXV0VTU0J4MHphQVRaNkE9PQ==
... because he is not in controll of the donbass?,r/northkoreanews,Z0FBQUFBQm0yeGNQRTlEYWh6eGExaHhmQXowTzhqLTQ2RVIyQ01FV0Uxa0FKR3I4TkxpdDBtQUdoVHEzeU1wWUNYMmlaSUl5N0FGd3B3NEEwRWNmaHJadmk4QjVBQmljMWc9PQ==
He's still the president of Ukraine? And Donbas is in Ukraine. Why would NK put anything there lol it's going to be demolished before it even started,r/northkoreanews,Z0FBQUFBQm0yeGNQZ0x3c2lmMHpmdTZZLWt4WEZub01EVmZLWG9MbFlva2xJaXRlX1ZFa0F6S2lueV84ZkZndGtaSEdvLUVfV3BPZDU4dzZQeHIzRHM3dVlCZFpxRC0tQmc9PQ==
"Dude, the Donbas is under control of Russia since like 2014. Get a clue before criticizing others.",r/northkoreanews,Z0FBQUFBQm0yeGNQaDVpOW5xcF90MFlYbDYtRlR5alcwdTlQcDlQaU9kenN0emJqNUpiMXlRSFY4X1FmODhpNEk4QzR4ZHZYYWRHTUgwYmNBajlqbk5rRTBjZ0FMUDZGU0E9PQ==
"Dude, Russia can pretend they are in control of anything. Doesn't make it an automatic reality. Donbas is indeed a war zone. It's still under Ukrainian leadership. Putin can't take that decision by himself. He still have to get Zelensky's permission for anything built in that region or it will be immediately blown apart. Until Zelensky says yes, none of this is happening. So my question stands; Why would Zelensky allow such a stupidity to happen?",r/northkoreanews,Z0FBQUFBQm0yeGNQRTA1cklZQ3RDdFptX1lmT1k5RXQ3NmFRazJ0YlM5NENOeXNRdk5BbmRidjBzRkdkNGtXZW8zRm03Ul9OZV9CeUxhSmM1amE3U082THZHUkR6UEhMaXc9PQ==
the Donbass is governed by Russia since 2014. Itâ€™s not a Warzone anymore.,r/northkoreanews,Z0FBQUFBQm0yeGNQQlJBb0lXQ2NIZDlOWUJQc0J1a2F0dzFYa2N3U0d5U0VzWXFlSV9nem1NbFN1MTB3V3Y5eWNvZ1BQMzZhbGQ0c3ZFbV9iMlJkbHVEM3djQXVyS0ZyYnc9PQ==
"Like I said, Zelensky still calls the shot. If he doesn't want North Korea shit there, it's ain't happening. So what make Putin think he'll get Zelensky to agree on that?",r/northkoreanews,Z0FBQUFBQm0yeGNQdnB3aGZkdjBxOUFkenJiS2xCM3lrOTJoWTlqMDZraWJsaFctUlB3LWluUXI1Y0U3U0U5UnJDUVFaYU8xTGZPVTJkT3pxUlpUVnBFTUxMamh2S3Q3SWc9PQ==
"No, he doesnâ€™t call the shots. Russia has military bases in the Donbas tooðŸ¤£",r/northkoreanews,Z0FBQUFBQm0yeGNQRmtpaW1jWmtGa1BqbDRzZTdjb2JqRWF6Wnc1cnZtZ000dW1MaXN4REtHRVZVbVVtZUd1Yk1uTGliQmZXbUp6T1FkeWR1SXlHWXZjTlpDWEpPeEd5MHc9PQ==
"He does actually. Or it will end like that bridge ðŸ˜‚ðŸ˜‚ðŸ˜‚

Will you answer the question or pretend that Russia own the Donbas region again? ðŸ¤£ðŸ¤£ðŸ¤£",r/northkoreanews,Z0FBQUFBQm0yeGNQWkNHa1pQX1FzZHo3b1R3am01OXNKVkhUSWQtbnJBd0g2UGJmd21rT3JkRTdPYXRLRi1rOGp2cGs0b285aXVxWjcxSXlnU2ZUcXFISWd1VjIwUjRaRFE9PQ==
oh so in your mind because a country gets attacked by another that means that they own the country that they attacked?,r/northkoreanews,Z0FBQUFBQm0yeGNQWktwOE5IaW50NUQtY3Q0M2lUTy1QUkJ6cDJ4VE5VclJsMEQ1eVZtWG1TUkpDUHN3NDFteUtPTDRJRnhwWjVrTW1nT1dJbV9lSFhWdEpJc2M0cDgydHc9PQ==
"My mind? The fuck are you talking about? The title says Kim Jung Un wants to build shit in Ukraine. My question is why would Zelensky allow that? 

That's it. There is no if or that. There is no ""mind game"". There is no attack. Donbas & Crimea is an active war zone. Why the fuck would Zelensky allow anything to be constructed there?

That's the only question I asked. Stop it with your mind game or whatever you're trying to say lol",r/northkoreanews,Z0FBQUFBQm0yeGNQUnZkc1l3UkktN3JMVjllR0VCbVF5VTM2blpsUmFkMktCcWNxcm9RLXNWTndMX1ByOUVQU3dDTHhmbXo5VXpFVm9fUW9uZEs3MjRiWHhER1VtdnJtM3c9PQ==
Thereâ€™s no mind game by pointing out Russia controls Donbas lmao,r/northkoreanews,Z0FBQUFBQm0yeGNQVFVoem1SSVVGRm85TUk5MXhvQUtVTV9JZEI1bDI5RDVVUm9qbVJiV3ZBNU9uaWQ2emdfUVFia0I5bDdoN1BMSDhvQ1h2dWZBRVJKMXhYTEVmME9ScGc9PQ==
Well they're trying their best lmao,r/northkoreanews,Z0FBQUFBQm0yeGNQSlpZSDZtZEFfNEY2NUozSmlxaTZSYVozQnBXYVROLTAyVmdkMWhIbnZ2cEpNelBaVEYwV3dUTkpqd3hEdTVESDc0d0pFWS1GbU9VTllELV8zU1M4Nmc9PQ==
"
**PLEASE READ BEFORE COMMENTING:**

* Keep it civil. Limit any attacks to ideas, not people. You must always be respectful towards others in this subreddit.

* Jokes, memes, novelty accounts, GIFs, pop culture references, off-topic comments, and trolling are not permitted.

* Please include reliable sources in discussions, especially when discussing topics general audiences may be unfamiliar with.

* Do not accuse each other of being shills/propagandists. If necessary, such concerns can be relayed to the mod team via modmail or the report function.

* No racism or genocide denial.

Thank you all for respecting the guidelines and keeping this subreddit a high-quality forum for serious, mature discussion.


*I am a bot, and this action was performed automatically. Please [contact the moderators of this subreddit](/message/compose/?to=/r/NorthKoreaNews) if you have any questions or concerns.*",r/northkoreanews,Z0FBQUFBQm0yeGNYNHFpR2kzS1Q3SzFzZl8zemQ0UXdpWTVjQXFCM2p3YnhyT0JpaktTTmZuVE1rejhGZHY4S3BxYVpvR21weHF0OUdRcnF2TzhzejdadjBtVkl4NFVUVmc9PQ==
"
**PLEASE READ BEFORE COMMENTING:**

* Keep it civil. Limit any attacks to ideas, not people. You must always be respectful towards others in this subreddit.

* Jokes, memes, novelty accounts, GIFs, pop culture references, off-topic comments, and trolling are not permitted.

* Please include reliable sources in discussions, especially when discussing topics general audiences may be unfamiliar with.

* Do not accuse each other of being shills/propagandists. If necessary, such concerns can be relayed to the mod team via modmail or the report function.

* No racism or genocide denial.

Thank you all for respecting the guidelines and keeping this subreddit a high-quality forum for serious, mature discussion.


*I am a bot, and this action was performed automatically. Please [contact the moderators of this subreddit](/message/compose/?to=/r/NorthKoreaNews) if you have any questions or concerns.*",r/northkoreanews,Z0FBQUFBQm0yeGNYTjV1WUQwdnFyM0lpT19fbm11MHRFaVdNN0pvdVNmNmVzU1hnNHp3RWk2bnRfTC1fOVRLc1l0bDl5SWtoSUpDOURYMGY4dk9QWDVJX3lHSTVTeFhOMXc9PQ==
I know Russia and China are frenemies but why would china send them back just because Russia wants some laborers as well? I donâ€™t get it,r/northkoreanews,Z0FBQUFBQm0yeGNYVlZhbmFOMzYtOGs3ZHM1RmplN01NRFFxa0V4Z2dmWUxzVlBqQ2NLRENWczRZeThzWVNTSURBblRtdUNNMGFRVGhfTjhsSmhfY2pDOE1LVFZoVUxMYllGVkFLazhiS2ZWX29PYWZmUzlBVjA9
"No idea if CNN is paywalled or censored in other areas, so mirror : https://archive.ph/m9che",r/northkoreanews,Z0FBQUFBQm0yeGNYck9oSFhOUlU1dEJ1NDNlbTNQY0FmSzg3SzhrSGpwa0RwbTJ6T2J0NkFCUEpabnNpdWY1R2tVdTZyYUdfUEc5aEdianl1SGxOelNEY1ExbEdYZDhiS2c9PQ==
"
**PLEASE READ BEFORE COMMENTING:**

* Keep it civil. Limit any attacks to ideas, not people. You must always be respectful towards others in this subreddit.

* Jokes, memes, novelty accounts, GIFs, pop culture references, off-topic comments, and trolling are not permitted.

* Please include reliable sources in discussions, especially when discussing topics general audiences may be unfamiliar with.

* Do not accuse each other of being shills/propagandists. If necessary, such concerns can be relayed to the mod team via modmail or the report function.

* No racism or genocide denial.

Thank you all for respecting the guidelines and keeping this subreddit a high-quality forum for serious, mature discussion.


*I am a bot, and this action was performed automatically. Please [contact the moderators of this subreddit](/message/compose/?to=/r/NorthKoreaNews) if you have any questions or concerns.*",r/northkoreanews,Z0FBQUFBQm0yeGNYZjRXeWNtUlJUdVRQY1lYVWt3ek5wa3VmMDdPLU9JaHA2YXhKa250dDBRYmpaVVhmZU5NYVlKY3RRU2sxTFp6cXkyb3RnRk44MS1RM3YybXFjX0xBRGc9PQ==
Could be something to do with unemployment rate in China.,r/northkoreanews,Z0FBQUFBQm0yeGNaNkZHVGNzZkVaQzc1eXBvMFk0a2Y0YUQzbV9lQXJyRW55RmJPVkcyVzN6aUR5dF9zSnlLYUtEc0EyUWlHZDZiZlRJUTUwRGw3cEVyUXBqdk9pNGlYQVE9PQ==
"
**PLEASE READ BEFORE COMMENTING:**

* Keep it civil. Limit any attacks to ideas, not people. You must always be respectful towards others in this subreddit.

* Jokes, memes, novelty accounts, GIFs, pop culture references, off-topic comments, and trolling are not permitted.

* Please include reliable sources in discussions, especially when discussing topics general audiences may be unfamiliar with.

* Do not accuse each other of being shills/propagandists. If necessary, such concerns can be relayed to the mod team via modmail or the report function.

* No racism or genocide denial.

Thank you all for respecting the guidelines and keeping this subreddit a high-quality forum for serious, mature discussion.


*I am a bot, and this action was performed automatically. Please [contact the moderators of this subreddit](/message/compose/?to=/r/NorthKoreaNews) if you have any questions or concerns.*",r/northkoreanews,Z0FBQUFBQm0yeGNadGo1XzR1Z2hwX1VXdEY5emk5cUVUbDNRYVlaNm9UMDh4WWwteFdsWDlwcTB0SWpMeXZOblhOZXIxWkRmTTdQal9fMVlCRHhfMm52c3g3cmNIN2R6d0E9PQ==
"> He singled out Ri Sun Chol, minister of state construction control who was appointed in September, as a ""good-for-nothing person"" who has never even been to the site since December, suspending him and calling for a formal investigation.

I think I'd rather be on Putin's enemy list...",r/northkoreanews,Z0FBQUFBQm0yeGNaSHFpSDhFRjVLbzVzNmlzNW5DS3NSNlRuNFJodlFSY3l4TDR1SzBhcks2Q2UzX1lUaEY5eWtXU2tPUHFBcUZScDU1dGkyQVdfZ1JMcmJKR3RsS0Yyb0E9PQ==
"As opposed to that tourism that aims for unfriendly foreigners that everyone else has /s, this just felt like a silly thing to make a whole headline about when itâ€™s the goal of all tourism lol",r/northkoreanews,Z0FBQUFBQm0yeGNaN3VmNDI0M0R0UDBUQ2ttdS1EMlpEYnFWR25OY0o0TWk3T1JRY2dsN1FjaFJXTjhyUFlaVzJuVVJzRm9ueE9zWjZxaFZMdF9jLUdpMlJPTHY4ZjJYTHc9PQ==
"They're trying to say that the ""friendly foreigners"" line is suggesting that they'll only allow foreigners from ""friendly"" countries (Russia, China). I feel like they might be reading a bit too deeply into it though, because they could just mean that they want foreigners who are friendly (which is how you interpreted it).",r/northkoreanews,Z0FBQUFBQm0yeGNaNkcxekZuN0NmNzVaa1VOT0FLanoyRS1Sek9JTWNKS0U0OUpDalVRMnRNZm1ocWhyeWxJbEdWWnloVi1nZ0I3cGhBajVRX0w5NlFZQ2g4R0ZLc0sxZHdzT0c2X2Vha1BBbXpQQWY2enZpUWs9
"For what seems like a long time ago many people from western countries were allowed in, and often people in the US were able to get in who were dual citizens with Canada using their Canadian passport. I remember the Vice guide to North Korea from long ago talking about how they got in by bribing the consulate in China and then had to attend some sort of dinner where they were told most of the people attending were actually North Koreans who were vetting them to see if they were cool or not.",r/northkoreanews,Z0FBQUFBQm0yeGNhbHl5QnlJRmVfWFA0ZWZsQ2p5RUM4YWhkcE9VcnRBOW5ra0gzbU1pSVppSmxZZ1hsWWxMMTBWbE9vd2syY0ZzOXVBUDk3Q3BqUkc3VkFicDZ0YWFOSmc9PQ==
"I'm a US citizen and I was able to visit via a tour operator in China without bribing anyone or being made to attend a special dinner.

It took the NK consulate in Shenyang longer to approve my visa than it did the Europeans in my tour group, and I had to fly in rather than entering by train like the rest of the group, but that was the extent of the extra trouble I had to go to. I had a tour guide (or minder, if you prefer) all to myself because they had to have him meet me at the airport, but being able to have a bunch of one-on-one conversations with him turned out to be the best part of the trip.

That was in 2007, so I can't speak for how things are now, but it wasn't too far from the time of the Vice video. I don't think they lied about anything, per se, but my sense watching that video was that they were straining _really_ hard to present their packaged group tour like some kind of James Bond adventure.",r/northkoreanews,Z0FBQUFBQm0yeGNhWTJjY2Nqa1h5a3NhcWRlUlRrdjFyRVpQb2xTS2RxZ1VuZE9POHRjeXliTVdGbTBXU2JkQTlpRGJvWXVqUzlTZGFRMHNiZGZUWjdpUzJOTzRwZUVqZnc9PQ==
"Very interesting! I've heard that basically if you behave yourself and use some common sense you will have no issue. It's something I've always thought would be interesting to do, but then there is the argument that for every dollar you spend as a tourist you are supporting the regime, and with the current political climate, I think I will watch from afar. I think for the Vice guys, they probably figured out they were up to something and put them through extra scrutiny.",r/northkoreanews,Z0FBQUFBQm0yeGNhYkkxQW9OZ1VOcWhSOW1tUmxuZ205VWQ2VndpVlRlOXlzUU9FR3YyOXlZZGhtc21DUzkxbkhnb0dSY0tmUFFpVks3VVBwVDlQZjJVYlpTNlUzb2xfYmc9PQ==
