graph_name,label
airforce,Politics
army,Politics
deepstate,Politics
endlesswar,Politics
intelligence,Politics
mistral,Politics
russianpolitics,Politics
russiaukrainewar2022,Politics
russiawarinukraine,Politics
singularity,Politics
somaliconflict,Politics
southsudancivilwar,Politics
spaceforce,Politics
syriancivilwar,Politics
trollfare,Politics
ukrainianconflict,Politics
combatfootage,Politics
credibledefense,Politics
drones,Politics
espionage,Politics
militaryhistory,Politics
militarystrategy,Politics
militarytechnology,Politics
military,Politics
navy,Politics
warcollege,Politics
wardocumentaries,Politics
war,Politics
activemeasures,Politics
afghanconflict,Politics
chinapolitics,Politics
climateactionplan,Politics
collapse,Politics
conservatives,Politics
conspiracy,Politics
democrats,Politics
diplomacy,Politics
disinformationwatch,Politics
europeanpolitics,Politics
foreignpolicyanalysis,Politics
europe,Politics
middleeastnews,Politics
neutralpolitics,Politics
trump,Politics
foreignpolicy,Politics
foreignservice,Politics
geopolitics2,Politics
geopoliticsindia,Politics
geopolitics,Politics
globalaffairs,Politics
globalintelligence,Politics
globalpolitics,Politics
globalpowers,Politics
globaltalk,Politics
illegalimmigration,Politics
immigration,Politics
internationallaw,Politics
internationalpolitics,Politics
internationaltrade,Politics
israelpalestine,Politics
lesscredibledefence,Politics
levantinewar,Politics
libyancrisis,Politics
northkoreanews,Politics
politicaldiscussion,Politics
politicalopinions,Politics
politics,Politics
propaganda,Politics
ukraineinvasionvideos,Politics
ukrainewarvideoreport,Politics
ukraine,Politics
yemenicrisis,Politics
aidev,NonPolitics
computerforensics,NonPolitics
cybersecurity,NonPolitics
diy,NonPolitics
engineering,NonPolitics
gadgets,NonPolitics
information,NonPolitics
innovation,NonPolitics
programming,NonPolitics
technews,NonPolitics
transhuman,NonPolitics
artificial,NonPolitics
augmentedreality,NonPolitics
bittensor,NonPolitics
blackhat,NonPolitics
chatgpt,NonPolitics
compsci,NonPolitics
dataisbeautiful,NonPolitics
datascience,NonPolitics
deeplearning,NonPolitics
deepmind,NonPolitics
gpt3,NonPolitics
gpt4,NonPolitics
gpt,NonPolitics
hacking,NonPolitics
iot,NonPolitics
llama3,NonPolitics
machinelearning,NonPolitics
nanotech,NonPolitics
neuralink,NonPolitics
neuralnetworks,NonPolitics
netsec,NonPolitics
openai,NonPolitics
opensourceai,NonPolitics
pytorch,NonPolitics
quantumcomputing,NonPolitics
robotics,NonPolitics
tensorflow,NonPolitics
technology,NonPolitics
tech,NonPolitics
altcoins,NonPolitics
bitcoincash,NonPolitics
bitcoinmarkets,NonPolitics
bitcoin,NonPolitics
btc,NonPolitics
cryptomarkets,NonPolitics
cryptocurrencytrading,NonPolitics
cryptocurrency,NonPolitics
ethereumclassic,NonPolitics
ethereum,NonPolitics
ethtrader,NonPolitics
filecoin,NonPolitics
monero,NonPolitics
polkadot,NonPolitics
solana,NonPolitics
biology,NonPolitics
biotech,NonPolitics
chemistry,NonPolitics
climate,NonPolitics
earth,NonPolitics
environment,NonPolitics
epidemiology,NonPolitics
geology,NonPolitics
health,NonPolitics
medicine,NonPolitics
nasa,NonPolitics
nuclearpower,NonPolitics
futurology,NonPolitics
physics,NonPolitics
space,NonPolitics
spacex,NonPolitics
weather,NonPolitics
nuclear,NonPolitics
oceanography,NonPolitics
publichealth,NonPolitics
renewableenergy,NonPolitics
science,NonPolitics
business,NonPolitics
commodities,NonPolitics
econmonitor,NonPolitics
economics,NonPolitics
economy,NonPolitics
econpapers,NonPolitics
energystorage,NonPolitics
indiarwresources,NonPolitics
energy,NonPolitics
financenews,NonPolitics
finance,NonPolitics
financialtimes,NonPolitics
investing,NonPolitics
oilandgasworkers,NonPolitics
oil,NonPolitics
personalfinance,NonPolitics
stockmarket,NonPolitics
stocks,NonPolitics
art,NonPolitics
bbc,NonPolitics
books,NonPolitics
credibledefense,NonPolitics
cyber,NonPolitics
fitness,NonPolitics
food,NonPolitics
funny,NonPolitics
getmotivated,NonPolitics
history,NonPolitics
documentaries,NonPolitics
lifeprotips,NonPolitics
mildlyinteresting,NonPolitics
preppers,NonPolitics
refugees,NonPolitics
sports,NonPolitics
humanrights,NonPolitics
humantrafficking,NonPolitics
media,NonPolitics
mildinteresting,NonPolitics
movies,NonPolitics
music,NonPolitics
philosophy,NonPolitics
photography,NonPolitics
pics,NonPolitics
privacy,NonPolitics
securityanalysis,NonPolitics
showerthoughts,NonPolitics
television,NonPolitics
todayilearned,NonPolitics
travel,NonPolitics
twoxchromosomes,NonPolitics
videos,NonPolitics
wallstreetbets,NonPolitics
wikileaks,NonPolitics
worldnews,NonPolitics
writingprompts,NonPolitics
askengineers,NonPolitics
askreddit,NonPolitics
askscience,NonPolitics
ask,NonPolitics
explainlikeimfive,NonPolitics
iama,NonPolitics
jokes,NonPolitics
mildlyinteresting,NonPolitics
nosleep,NonPolitics
tifu,NonPolitics
upliftingnews,NonPolitics
fakenews,NonPolitics
irstudies,NonPolitics
news,NonPolitics
